First Name,Last Name,E Mail,Phone Number,Place Name,,,,,,,,,,,,,,,,,,,,,,,
Lois,Walker,lois.walker@hotmail.com,303-572-8492,Denver,,,,,,,,,,,,,,,,,,,,,,,
Brenda,Robinson,brenda.robinson@gmail.com,225-945-4954,Stonewall,,,,,,,,,,,,,,,,,,,,,,,
Joe,Robinson,joe.robinson@gmail.com,219-904-2161,Michigantown,,,,,,,,,,,,,,,,,,,,,,,
Diane,Evans,diane.evans@yahoo.com,215-793-6791,Hydetown,,,,,,,,,,,,,,,,,,,,,,,
Benjamin,Russell,benjamin.russell@charter.net,262-404-2252,Fremont,,,,,,,,,,,,,,,,,,,,,,,
Patrick,Bailey,patrick.bailey@aol.com,319-812-6957,Macksburg,,,,,,,,,,,,,,,,,,,,,,,
Nancy,Baker,nancy.baker@bp.com,229-336-5117,Atlanta,,,,,,,,,,,,,,,,,,,,,,,
Carol,Murphy,carol.murphy@gmail.com,216-336-0009,Blanchester,,,,,,,,,,,,,,,,,,,,,,,
Frances,Young,frances.young@gmail.com,210-819-9765,Delmita,,,,,,,,,,,,,,,,,,,,,,,
Diana,Peterson,diana.peterson@hotmail.co.uk,479-783-5656,Eureka Springs,,,,,,,,,,,,,,,,,,,,,,,
Ralph,Flores,ralph.flores@yahoo.com,316-280-2864,Sabetha,,,,,,,,,,,,,,,,,,,,,,,
Jack,Alexander,jack.alexander@gmail.com,702-603-3769,Las Vegas,,,,,,,,,,,,,,,,,,,,,,,
Melissa,King,melissa.king@comcast.net,216-605-3731,New Matamoras,,,,,,,,,,,,,,,,,,,,,,,
Wayne,Watson,wayne.watson@gmail.com,701-231-9370,Maida,,,,,,,,,,,,,,,,,,,,,,,
Cheryl,Scott,cheryl.scott@gmail.com,215-288-9345,Quecreek,,,,,,,,,,,,,,,,,,,,,,,
Paula,Diaz,paula.diaz@gmail.com,252-531-7641,Beulaville,,,,,,,,,,,,,,,,,,,,,,,
Joshua,Stewart,joshua.stewart@yahoo.ca,217-279-9342,New Douglas,,,,,,,,,,,,,,,,,,,,,,,
Theresa,Lee,theresa.lee@gmail.com,319-553-8919,Toeterville,,,,,,,,,,,,,,,,,,,,,,,
Julia,Scott,julia.scott@apple.com,423-939-1010,Primm Springs,,,,,,,,,,,,,,,,,,,,,,,
Thomas,Lewis,thomas.lewis@gmail.com,314-679-3697,Dutchtown,,,,,,,,,,,,,,,,,,,,,,,
Carol,Edwards,carol.edwards@msn.com,225-283-4295,Shreveport,,,,,,,,,,,,,,,,,,,,,,,
Matthew,Turner,matthew.turner@gmail.com,236-972-7624,Heathsville,,,,,,,,,,,,,,,,,,,,,,,
Joan,Stewart,joan.stewart@yahoo.com,216-637-6800,Middleport,,,,,,,,,,,,,,,,,,,,,,,
Ruby,Rogers,ruby.rogers@gmail.com,423-231-6507,Woodbury,,,,,,,,,,,,,,,,,,,,,,,
Carolyn,Hayes,carolyn.hayes@hotmail.co.uk,239-882-8784,Saint Cloud,,,,,,,,,,,,,,,,,,,,,,,
Anne,Russell,anne.russell@ibm.com,605-635-1306,Stockholm,,,,,,,,,,,,,,,,,,,,,,,
Daniel,Cooper,daniel.cooper@yahoo.com,701-510-8162,Manning,,,,,,,,,,,,,,,,,,,,,,,
Roger,Roberts,roger.roberts@gmail.com,206-497-3141,Mount Vernon,,,,,,,,,,,,,,,,,,,,,,,
Maria,Walker,maria.walker@microsoft.com,423-668-5506,Lawrenceburg,,,,,,,,,,,,,,,,,,,,,,,
Brenda,Butler,brenda.butler@gmail.com,480-814-8284,Mesa,,,,,,,,,,,,,,,,,,,,,,,
Lillian,Brown,lillian.brown@aol.com,239-812-9041,Panacea,,,,,,,,,,,,,,,,,,,,,,,
Amy,Howard,amy.howard@aol.com,803-613-3168,Kline,,,,,,,,,,,,,,,,,,,,,,,
Gregory,Edwards,gregory.edwards@outlook.com,503-256-9654,Bonanza,,,,,,,,,,,,,,,,,,,,,,,
Roy,Griffin,roy.griffin@yahoo.com,219-506-9378,Liberty,,,,,,,,,,,,,,,,,,,,,,,
Richard,Mitchell,richard.mitchell@verizon.net,205-621-5884,Ohatchee,,,,,,,,,,,,,,,,,,,,,,,
Mary,Wilson,mary.wilson@sbcglobal.net,423-937-8660,Nashville,,,,,,,,,,,,,,,,,,,,,,,
Aaron,Price,aaron.price@bp.com,219-287-8926,Eckerty,,,,,,,,,,,,,,,,,,,,,,,
Donna,Brown,donna.brown@aol.com,212-434-7910,Lima,,,,,,,,,,,,,,,,,,,,,,,
Carl,Collins,carl.collins@yahoo.com,479-740-7633,Wright,,,,,,,,,,,,,,,,,,,,,,,
Joyce,Jenkins,joyce.jenkins@aol.com,262-455-4187,Ellsworth,,,,,,,,,,,,,,,,,,,,,,,
Mary,Bryant,mary.bryant@verizon.net,319-827-3516,Conroy,,,,,,,,,,,,,,,,,,,,,,,
Amanda,Hughes,amanda.hughes@rediffmail.com,225-544-9700,Lake Charles,,,,,,,,,,,,,,,,,,,,,,,
Jack,Campbell,jack.campbell@gmail.com,316-499-5737,Kalvesta,,,,,,,,,,,,,,,,,,,,,,,
Alan,Rivera,alan.rivera@apple.com,423-277-6819,Knoxville,,,,,,,,,,,,,,,,,,,,,,,
Elizabeth,Jackson,elizabeth.jackson@aol.com,603-568-6118,Rochester,,,,,,,,,,,,,,,,,,,,,,,
Nancy,Davis,nancy.davis@ibm.com,219-610-3067,Bowling Green,,,,,,,,,,,,,,,,,,,,,,,
Ernest,Martinez,ernest.martinez@gmail.com,479-951-4138,Uniontown,,,,,,,,,,,,,,,,,,,,,,,
Judy,Hernandez,judy.hernandez@gmail.com,316-736-6126,Topeka,,,,,,,,,,,,,,,,,,,,,,,
Nancy,Jones,nancy.jones@gmail.com,212-825-1930,New York City,,,,,,,,,,,,,,,,,,,,,,,
Pamela,Wright,pamela.wright@aol.com,307-329-8832,Banner,,,,,,,,,,,,,,,,,,,,,,,
Larry,Miller,larry.miller@shell.com,217-574-9283,East Saint Louis,,,,,,,,,,,,,,,,,,,,,,,
Ann,Coleman,ann.coleman@ibm.com,319-994-4179,Hancock,,,,,,,,,,,,,,,,,,,,,,,
Judy,Gonzales,judy.gonzales@gmail.com,201-640-8645,Eatontown,,,,,,,,,,,,,,,,,,,,,,,
Peter,Washington,peter.washington@bp.com,231-322-0316,Portage,,,,,,,,,,,,,,,,,,,,,,,
Clarence,Ross,clarence.ross@apple.com,423-772-0118,Oneida,,,,,,,,,,,,,,,,,,,,,,,
Sharon,Lopez,sharon.lopez@gmail.com,304-934-5548,Bartley,,,,,,,,,,,,,,,,,,,,,,,
Ann,Cooper,ann.cooper@exxonmobil.com,406-278-6460,Arlee,,,,,,,,,,,,,,,,,,,,,,,
Anne,Perez,anne.perez@sbcglobal.net,423-837-3338,Cookeville,,,,,,,,,,,,,,,,,,,,,,,
Nancy,Howard,nancy.howard@gmail.com,236-973-8086,Saxe,,,,,,,,,,,,,,,,,,,,,,,
Antonio,Roberts,antonio.roberts@hotmail.com,205-267-7304,Mc Calla,,,,,,,,,,,,,,,,,,,,,,,
Frances,Watson,frances.watson@outlook.com,406-530-8069,Trego,,,,,,,,,,,,,,,,,,,,,,,
Debra,Wood,debra.wood@hotmail.com,308-646-6219,Blair,,,,,,,,,,,,,,,,,,,,,,,
Henry,Jenkins,henry.jenkins@hotmail.com,314-731-7135,Riverside,,,,,,,,,,,,,,,,,,,,,,,
Melissa,Butler,melissa.butler@hotmail.com,308-827-9016,Maxwell,,,,,,,,,,,,,,,,,,,,,,,
Todd,Hall,todd.hall@yahoo.com,240-513-8668,Randallstown,,,,,,,,,,,,,,,,,,,,,,,
Christopher,Nelson,christopher.nelson@aol.com,480-946-9780,Willow Beach,,,,,,,,,,,,,,,,,,,,,,,
Andrea,Garcia,andrea.garcia@aol.com,219-624-3708,Granger,,,,,,,,,,,,,,,,,,,,,,,
Jeremy,Sanchez,jeremy.sanchez@hotmail.com,423-974-2755,Alcoa,,,,,,,,,,,,,,,,,,,,,,,
Steven,Phillips,steven.phillips@hotmail.com,225-968-5952,Baton Rouge,,,,,,,,,,,,,,,,,,,,,,,
Cynthia,Ramirez,cynthia.ramirez@btinternet.com,406-961-7340,Browning,,,,,,,,,,,,,,,,,,,,,,,
Jason,Anderson,jason.anderson@gmail.com,217-856-6752,Hudson,,,,,,,,,,,,,,,,,,,,,,,
Cynthia,White,cynthia.white@gmail.com,314-593-3092,Kansas City,,,,,,,,,,,,,,,,,,,,,,,
Margaret,Brooks,margaret.brooks@gmail.com,303-960-0117,Haswell,,,,,,,,,,,,,,,,,,,,,,,
Douglas,Flores,douglas.flores@gmail.com,303-836-4721,Eckert,,,,,,,,,,,,,,,,,,,,,,,
Paul,Watson,paul.watson@hotmail.com,270-556-7711,Blue River,,,,,,,,,,,,,,,,,,,,,,,
Linda,Moore,linda.moore@gmail.com,215-793-7095,Albion,,,,,,,,,,,,,,,,,,,,,,,
Cheryl,Miller,cheryl.miller@ntlworld.com,270-880-3858,Bays,,,,,,,,,,,,,,,,,,,,,,,
Martha,Washington,martha.washington@aol.com,405-945-0242,Nardin,,,,,,,,,,,,,,,,,,,,,,,
William,Hernandez,william.hernandez@rediffmail.com,239-276-0532,Mary Esther,,,,,,,,,,,,,,,,,,,,,,,
Carolyn,Price,carolyn.price@yahoo.com,217-409-4338,Wheaton,,,,,,,,,,,,,,,,,,,,,,,
Ruby,Stewart,ruby.stewart@gmail.com,218-445-2369,Margie,,,,,,,,,,,,,,,,,,,,,,,
Paul,Cooper,paul.cooper@gmail.com,210-984-4722,Glidden,,,,,,,,,,,,,,,,,,,,,,,
Ernest,Washington,ernest.washington@msn.com,212-596-1659,Saranac Lake,,,,,,,,,,,,,,,,,,,,,,,
Dorothy,Edwards,dorothy.edwards@hotmail.co.uk,215-902-6888,Philadelphia,,,,,,,,,,,,,,,,,,,,,,,
Ryan,Alexander,ryan.alexander@shell.com,225-395-3347,Jarreau,,,,,,,,,,,,,,,,,,,,,,,
Lillian,Mitchell,lillian.mitchell@shaw.ca,316-876-1484,Wichita,,,,,,,,,,,,,,,,,,,,,,,
Kelly,Adams,kelly.adams@bp.com,405-418-0037,Meno,,,,,,,,,,,,,,,,,,,,,,,
Jimmy,Howard,jimmy.howard@yahoo.com,212-855-9316,Oriskany,,,,,,,,,,,,,,,,,,,,,,,
Margaret,Allen,margaret.allen@gmail.com,216-697-6987,Richmond Dale,,,,,,,,,,,,,,,,,,,,,,,
Janet,Henderson,janet.henderson@ntlworld.com,239-769-6347,Miami,,,,,,,,,,,,,,,,,,,,,,,
Eugene,Perez,eugene.perez@exxonmobil.com,262-472-7112,Racine,,,,,,,,,,,,,,,,,,,,,,,
Deborah,Smith,deborah.smith@yahoo.com,907-279-8694,Atqasuk,,,,,,,,,,,,,,,,,,,,,,,
Janice,Parker,janice.parker@yahoo.com,314-842-5984,Whiteman Air Force Base,,,,,,,,,,,,,,,,,,,,,,,
Rebecca,Stewart,rebecca.stewart@gmail.com,209-233-7631,Independence,,,,,,,,,,,,,,,,,,,,,,,
Phillip,White,phillip.white@gmail.com,503-668-6592,Mapleton,,,,,,,,,,,,,,,,,,,,,,,
Jose,Hill,jose.hill@hotmail.com,228-245-5000,Biloxi,,,,,,,,,,,,,,,,,,,,,,,
Harold,Nelson,harold.nelson@gmail.com,217-555-9216,Carol Stream,,,,,,,,,,,,,,,,,,,,,,,
Nicole,Ward,nicole.ward@yahoo.com,231-761-7861,Detroit,,,,,,,,,,,,,,,,,,,,,,,
Theresa,Murphy,theresa.murphy@gmail.com,907-356-1555,Mc Grath,,,,,,,,,,,,,,,,,,,,,,,
Tammy,Young,tammy.young@comcast.net,231-290-3075,Alma,,,,,,,,,,,,,,,,,,,,,,,
